Concept,RADx Global Prompt,RADx Global Variable,RADx Global Response Options,DHT Prompt,DHT Variable,DHT Response Options,Merged Variable 1: Prompt ,Merged Variable 1: Respone Options ,Merged Variable 1: Variable ,Merged Variable 2: Prompt ,Merged Variable 2: Respone Options ,Merged Variable 2: Variable ,Merged Variable 3: Prompt ,Merged Variable 3: Respone Options ,Merged Variable 3: Variable ,Merged Variable 4: Prompt ,Merged Variable 4: Respone Options ,Merged Variable 4: Variable ,Comment
Identity,User ID,nih_record_id,text ,What is global identifier of participant?,dht_identity,"Text: May be combination of prefix text, letters, numbers, and separator characters",,,,,,,,,,,,,
Race,What is your race?,nih_race,"0, American Indian or Alaska Native;1, Black or African American;2, Asian;3, Native Hawaiian or  Other Pacific Islander;4, White;5, Middle Eastern or North African;6, Two or more races;97, Some other race;98, Do not know;99, Prefer not to answer",What is your race? Mark one or more boxes,dht_race,"1, American Indian or Alaska Native;
2, Asian;
3, Black or African American; 
4, Middle Eastern or North African; 
5, Native Hawaiian or Other Pacific Islander;
6, White;
7, Two or more races;
8, Some other race;
98, Don't know;
99, Prefer not to answer;",,,,,,,,,,,,,
Ethnicity,Are you of Hispanic or Latino origin? May include Spanish origin.,nih_ethnicity,"0, No, not of Hispanic or Latino origin;1, Yes, of Hispanic or Latino origin;97, Other;98, Don't Know;99, Prefer not to answer",Are you of Hispanic or Latino origin?             ,dht_ethnicity_origin,"0, No, not of Hispanic or Latino origin;
1, Yes, of Hispanic or Latino origin;
98, Don't know;
99, Prefer not to answer;",,,,,,,,,,,,,
Age,What is your age?,nih_age,text,What is your age?,dht_age,Age in years; de-identification per RADx guideline,,,,,,,,,,,,,
Sex,What is your biological sex assigned at birth?,nih_sex,"0, Female;1, Male;2, Intersex;3, Non-binary;96, None of these describe me;99, Prefer not to answer",What is your biological sex assigned at birth?,dht_sex,"1, Female;
2, Male;
3, Intersex;
4, None of the above describe me;
99, Prefer not to answer;",,,,,,,,,,,,,
Education Level,What is the highest level of education you have achieved outside or in the United States?,nih_education,"0,Have never gone to school; 1,Some school (Includes any education received below highschool graduate level); 2,High school graduate or GED completed; 3,Some college (graduated or not), associates degree, technical degree, or vocational degree; 4,Bachelor's degree; 5,Other advanced degree (Master's, Doctorate, or Professional Doctorate); 97,Other; 98,Don't know; 99,Prefer not to answer ",How many years of education have you completed?,dht_education,"1, No formal schooling;
2, Some school, but did not graduate high school;
3, High school diploma or equivalency (e.g., GED);
4, Associate degree (e.g., junior college);
5, Associate Degree (vocational); 
6, Some college, but did not graduate college;
7, Bachelor's degree;
8, Master's degree;
9, Doctorate (PhD);
10, Professional doctorate (MD, JD, DDS, etc.);
11, Other;
98, Don't know;
99, Prefer not to state;",,,,,,,,,,,,,
Education Years,How many years of education have you completed?,nih_education_yrs,text,,,,,,,,,,,,,,,,
Domicile,What is your zip code?,nih_zip,text,What is your zip code?,dht_domicile,Included per HIPAA de-identification guidelines,,,,,,,,,,,,,
Employment,Please specify your employment status.,nih_employment,"0, Yes - Employed;1, No - Not Employed;2, Student;3, Keeping household;4, Retired;5, Disabled or government support;97, Other;98, Don’t know;99, Prefer not to answer",Are you employed?,dht_employment,"0, Yes - Employed; 2, Employed full time; 3, Employed part-time; 5, Employed in temporary position; 6, No - Not Employed; 7, Only temporarily laid off, sick leave, or maternity leave; 8, Looking for work, unemployed; 9, Student; 10, Keeping house; 11, Retired; 13, Disabled or government support; 97, Other; 98, Don't know; 99, Prefer not to answer",,,,,,,,,,,,,
Insurance Status,What kind of health insurance do you have?,nih_insurance,"0, None;1, Private;2, Public;97, Other;98, Don't know;99, Prefer not to answer",What insurance do you have?,dht_medical_insurance_short,"1, No insurance; 
2, Private/Personal Insurance; 
3, Public Insurance; 
98, Don't Know; 
99, Prefer not to state",,,,,,,,,,,,,
Disability Status,"Do you have a disability, including serious physical or mental conditions, that interfere with your ability to carry out daily activities?",nih_disability,"0,No;1,Yes;97, Other;98, Don’t know;99, Prefer not to answer","Do you have a disability, including serious physical or mental conditions, that interfere with your ability to carry out daily activities?",dht_disability,"0,No;1,Yes;98, Don’t know;99, Prefer not to answer",,,,,,,,,,,,,
Disability Status,Are you deaf or do you have serious difficulty hearing?,nih_deaf,"0,No;1,Yes;97, Other;98, Don’t know;99, Prefer not to answer",Are you deaf or do you have serious difficulty hearing?,dht_deaf,"0,No;1,Yes;98, Don’t know;99, Prefer not to answer",,,,,,,,,,,,,
Disability Status,"Are you blind or do you have serious difficulty seeing, even when wearing glasses?",nih_blind,"0,No;1,Yes;97, Other;98, Don’t know;99, Prefer not to answer","Are you blind or do you have serious difficulty seeing, even when wearing glasses?",dht_blind,"0,No;1,Yes;98, Don’t know;99, Prefer not to answer",,,,,,,,,,,,,
Disability Status,"Because of a physical, mental, or emotional condition, do you have serious difficulty concentrating, remembering, or making decisions?",nih_memory,"0,No;1,Yes;97, Other;98, Don’t know;99, Prefer not to answer","Because of a physical, mental, or emotional condition, do you have serious difficulty concentrating, remembering, or making decisions?",dht_memory,"0,No;1,Yes;98, Don’t know;99, Prefer not to answer",,,,,,,,,,,,,
Disability Status,Do you have serious difficulty walking or climbing stairs?,nih_walk_climb,"0,No;1,Yes;97, Other;98, Don’t know;99, Prefer not to answer",Do you have serious difficulty walking or climbing stairs?,dht_walk_climb,"0,No;1,Yes;98, Don’t know;99, Prefer not to answer",,,,,,,,,,,,,
Disability Status,Do you have difficulty dressing or bathing?,nih_dress_bathe,"0,No;1,Yes;97, Other;98, Don’t know;99, Prefer not to answer",Do you have difficulty dressing or bathing?,dht_dress_bathe,"0,No;1,Yes;98, Don’t know;99, Prefer not to answer",,,,,,,,,,,,,
Disability Status,"Because of a physical, mental, or emotional condition, do you have difficulty doing errands alone such as visiting a doctor's office or shopping?",nih_errand,"0,No;1,Yes;97, Other;98, Don’t know;99, Prefer not to answer","Because of a physical, mental, or emotional condition, do you have difficulty doing errands alone such as visiting a doctor's office or shopping?",dht_errand,"0,No;1,Yes;98, Don’t know;99, Prefer not to answer",,,,,,,,,,,,,
Medical History,Vaping use (Yes or No),nih_vaping_yn,"0,No;1,Yes;97, Other;98, Don’t know;99, Prefer not to answer",Vaping use (Yes or No),dht_vaping,"0,No;1,Yes;98, Don’t know;99, Prefer not to answer",,,,,,,,,,,,,
Medical History,Nicotine use (Yes or No),nih_nicotine_yn,"0,No;1,Yes;97, Other;98, Don’t know;99, Prefer not to answer",Nicotine use (Yes or No),dht_nicotine,"0,No;1,Yes;98, Don’t know;99, Prefer not to answer",,,,,,,,,,,,,
Medical History,"Vaping Frequency: Do you now use electronic cigarettes every day, some days, rarely, or not at all? ",nih_vape_freq,"0,Not at all; 1,Rarely; 2,Some Days; 3,Every Day; 98,Don't know; 99,Prefer not to answer","Vaping Frequency: Do you now use electronic cigarettes every day, some days, rarely, or not at all?",dht_vaping_frequency,"1, Every Day; 2, Some Days; 3, Rarely; 4, Not at all; 98, Don't know; 99, Prefer not to answer",,,,,,,,,,,,,
Medical History,Nicotine Frequency: Do you now smoke cigarettes?,nih_cig_smoke_freq,"0,Not at all; 1,Rarely; 2,Some Days; 3,Every Day; 98,Don't know; 99,Prefer not to answer",Nicotine Frequency: Do you now smoke cigarettes?,dht_cig_smoking_frequency,"1, Every Day; 2, Some Days; 3, Rarely; 4, Not at all; 98, Don't know; 99, Prefer not to answer",,,,,,,,,,,,,
Medical History,"Do you use any tobacco/nicotine products (including cigarettes, cigars, e-cigarettes, etc)?",nih_smoking_yn,"0,No;1,Yes;97, Other;98, Don’t know;99, Prefer not to answer",,,,,,,,,,,,,,,,
Medical History,History of Smoking,nih_history_smoking,"0,No;1,Yes;97, Other;98, Don’t know;99, Prefer not to answer",History of Smoking,dht_history_smoking,"0,No;1,Yes;98, Don’t know;99, Prefer not to answer",,,,,,,,,,,,,
Medical History,Tobacco Use,nih_tobacco,"0, No tobacco use; 1, Current Tobacco user; 2, Former Tobacco User;  98, Don't Know; 99, Prefer not to answer",Tobacco Use,dht_tobacco,"0, No tobacco use; 1, Current Tobacco user; 2, Former Tobacco User;  98, Don't Know; 99, Prefer not to answer",,,,,,,,,,,,,
Medical History,Alcohol use (Yes or No),nih_alcohol_yn,"0,No;1,Yes;97, Other;98, Don’t know;99, Prefer not to answer",Alcohol use (Yes or No),dht_alcohol,"0,No;1,Yes; 98, Don’t know;99, Prefer not to answer",,,,,,,,,,,,,
Medical History,"In your entire life, have you had at least 1 drink of any kind of alcohol, not counting small tastes or sips? (Yes or No)",nih_lifetime_use_alcohol,"0,No;1,Yes;97, Other;98, Don’t know;99, Prefer not to answer",,,,,,,,,,,,,,,,
Medical History,How often did you have a drink containing alcohol in the past year?,nih_alcohol_yrs,"0,Never;1,Monthly Or Less;2,Two To Four Times Per Month;3,Two To Three Times Per Week;4,Four Or More Times Per Week; 98, Don't know; 99, Prefer not to answer",,,,,,,,,,,,,,,,
Medical History,How often did you have a drink containing alcohol ?,nih_alcohol_frequency,"0,Never;1,Monthly Or Less;2,Two To Four Times Per Month;3,Two To Three Times Per Week;4,Four Or More Times Per Week; 98, Don't know; 99, Prefer not to answer",How often did you have a drink containing alcohol ?,dht_alcohol_frequency,"0,Never;1,Monthly Or Less;2,Two To Four Times Per Month;3,Two To Three Times Per Week;4,Four Or More Times Per Week; 98, Don't know; 99, Prefer not to answer",,,,,,,,,,,,,
Medical History,Asthma,nih_asthma,"0,No;1,Yes;97, Other;98, Don’t know;99, Prefer not to answer",Asthma,dht_asthma,"0,No;1,Yes; 98, Don’t know;99, Prefer not to answer",,,,,,,,,,,,,
Medical History,Cancer,nih_cancer,"0,No;1,Yes;97, Other;98, Don’t know;99, Prefer not to answer",Cancer,dht_cancer,"0,No;1,Yes; 98, Don’t know;99, Prefer not to answer",,,,,,,,,,,,,
Medical History,Cancer (including leukemia or lymphoma) undergoing active treatment?,nih_cancer_active_treatment,"0,No;1,Yes;97, Other;98, Don’t know;99, Prefer not to answer",,,,,,,,,,,,,,,,
Medical History,Cancer diagnosis and/or treatment within the past 12 months,nih_cancer_past_yr,"0,No;1,Yes;97, Other;98, Don’t know;99, Prefer not to answer",,,,,,,,,,,,,,,,
Medical History,Cardiovascular disease,nih_cardiovascular_disease,"0,No;1,Yes;97, Other;98, Don’t know;99, Prefer not to answer",Cardiovascular disease,dht_cardiovascular_disease,"0,No;1,Yes;98, Don’t know;99, Prefer not to answer",,,,,,,,,,,,,
Medical History,Chronic kidney disease,nih_chronic_kidney_disease,"0,No;1,Yes;97, Other;98, Don’t know;99, Prefer not to answer",Chronic kidney disease,dht_chronic_kidney_disease,"0,No;1,Yes; 98, Don’t know;99, Prefer not to answer",,,,,,,,,,,,,
Medical History,Chronic kidney disease treatment,nih_chronic_kidney_disease_treatment,,,,,,,,,,,,,,,,,
Medical History,Chronic lung disease,nih_chronic_lung_disease,"0,No;1,Yes;97, Other;98, Don’t know;99, Prefer not to answer",Chronic lung disease,dht_chronic_lung_disease,"0,No;1,Yes; 98, Don’t know;99, Prefer not to answer",,,,,,,,,,,,,
Medical History,Diabetes,nih_diabetes,"0,No;1,Yes;97, Other;98, Don’t know;99, Prefer not to answer",Diabetes,dht_diabetes,"0,No;1,Yes;98, Don’t know;99, Prefer not to answer",,,,,,,,,,,,,
Medical History,Hypertension,nih_hypertension,"0,No;1,Yes;97, Other;98, Don’t know;99, Prefer not to answer",Hypertension,dht_hypertension,"0,No;1,Yes;98, Don’t know;99, Prefer not to answer",,,,,,,,,,,,,
Medical History,Immunosuppressive condition,nih_immunosuppressive_condition,"0,No;1,Yes;97, Other;98, Don’t know;99, Prefer not to answer",Immunosuppressive condition,dht_immunosuppressive_condition,"0,No;1,Yes;98, Don’t know;99, Prefer not to answer",,,,,,,,,,,,,
Medical History,Serious mental illness,nih_serious_mental_illness,"0,No;1,Yes;97, Other;98, Don’t know;99, Prefer not to answer",,,,,,,,,,,,,,,,
Medical History,Mental health disorder ,nih_mental_health_disorder,"0,No;1,Yes;97, Other;98, Don’t know;99, Prefer not to answer",mental health disorder ,dht_mental_illness,"0,No;1,Yes;98, Don’t know;99, Prefer not to answer",,,,,,,,,,,,,
Medical History,Sickle cell disease,nih_sickle_cell_disease,"0,No;1,Yes;97, Other;98, Don’t know;99, Prefer not to answer",Sickle cell disease,dht_sickle_cell_disease,"0,No;1,Yes;98, Don’t know;99, Prefer not to answer",,,,,,,,,,,,,
Medical History,Pregnancy status,nih_pregnancy,"0, Not Pregnant;1, Pregnant;98, Don't know; 99, Prefer not to answer",Pregnancy status,dht_pregnant,"0, Not Pregnant;1, Pregnant;98, Don't know; 99, Prefer not to answer",,,,,,,,,,,,,
Medical History,Immunocompromised condition,nih_immunocompromised,"0,No;1,Yes;97, Other;98, Don’t know;99, Prefer not to answer",Immunocompromised,dht_immuno_compromised,"0,No;1,Yes;98, Don’t know;99, Prefer not to answer",,,,,,,,,,,,,
Medical History,Autoimmune disease,nih_autoimm,"0,No;1,Yes;97, Other;98, Don’t know;99, Prefer not to answer",Autoimmune disease,dht_autoimmune,"0,No;1,Yes;98, Don’t know;99, Prefer not to answer",,,,,,,,,,,,,
Medical History,Chronic obstructive pulmonary disease (COPD),nih_copd,"0,No;1,Yes;97, Other;98, Don’t know;99, Prefer not to answer",Chronic obstructive pulmonary disease (COPD),dht_copd,"0,No;1,Yes;98, Don’t know;99, Prefer not to answer",,,,,,,,,,,,,
Medical History,Other chronic lung disease,nih_chronic_lung,"0,No;1,Yes;97, Other;98, Don’t know;99, Prefer not to answer",,,,,,,,,,,,,,,,
Medical History,Depression,nih_depression,"0,No;1,Yes;97, Other;98, Don’t know;99, Prefer not to answer",Depression,dht_depression,"0,No;1,Yes;98, Don’t know;99, Prefer not to answer",,,,,,,,,,,,,
Medical History,Alcohol or substance use disorder,nih_alc_sub_abuse,"0,No;1,Yes;97, Other;98, Don’t know;99, Prefer not to answer",Alcohol or substance use disorder,dht_alc_sub_abuse,"0,No;1,Yes;98, Don’t know;99, Prefer not to answer",,,,,,,,,,,,,
Medical History,Intravenous drug use,nih_iv_drug_use,"0,No;1,Yes;97, Other;98, Don’t know;99, Prefer not to answer",Intravenous drug use,dht_iv_drug_use,"0,No;1,Yes;98, Don’t know;99, Prefer not to answer",,,,,,,,,,,,,
Medical History,Other mental health disorder,nih_othermh,"0,No;1,Yes;97, Other;98, Don’t know;99, Prefer not to answer",Other mental health disorder,dht_other_mental_health_disorder,"0,No;1,Yes;98, Don’t know;99, Prefer not to answer",,,,,,,,,,,,,
Medical History,Other chronic condition,nih_other_chronic_cond,"0,No;1,Yes;97, Other;98, Don’t know;99, Prefer not to answer",Other chronic condition,dht_other_chronic_cond,"0,No;1,Yes;98, Don’t know;99, Prefer not to answer",,,,,,,,,,,,,
Medical History,Coronary artery disease,nih_coronary_artery_disease,"0,No;1,Yes;97, Other;98, Don’t know;99, Prefer not to answer",Coronary artery disease,dht_coronary_artery_disease,"0,No;1,Yes;98, Don’t know;99, Prefer not to answer",,,,,,,,,,,,,
Medical History,Coronary artery disease (blockages in your heart vessels) or angina (chest pain)?,nih_coronary_artery_disease_angina,"0,No;1,Yes;97, Other;98, Don’t know;99, Prefer not to answer",,,,,,,,,,,,,,,,
Medical History,A heart attack (myocardial infarction)?,nih_heart_attack,"0,No;1,Yes;97, Other;98, Don’t know;99, Prefer not to answer",heart attack (myocardial infarction)?,dht_heart_attack,"0,No;1,Yes; 98, Don’t know;99, Prefer not to answer",,,,,,,,,,,,,
Medical History,"Congestive Heart failure (CHF, Heart Failure)?",nih_chf,"0,No;1,Yes;97, Other;98, Don’t know;99, Prefer not to answer",Congestive Heart failure ,dht_chf,"0,No;1,Yes;98, Don’t know;99, Prefer not to answer",,,,,,,,,,,,,
Medical History,Stroke or TIA (Transient Ischemic Attack or Mini-Stroke)?,nih_stroke,"0,No;1,Yes;97, Other;98, Don’t know;99, Prefer not to answer",Stroke or TIA (Transient Ischemic Attack or Mini-Stroke)?,dht_stroke,"0,No;1,Yes;98, Don’t know;99, Prefer not to answer",,,,,,,,,,,,,
Medical History,Immunodeficiency (NOT including HIV)?,nih_immunodeficiency,"0,No;1,Yes;97, Other;98, Don’t know;99, Prefer not to answer",Immunodeficiency (NOT including HIV)?,dht_immunodeficiency,"0,No;1,Yes;98, Don’t know;99, Prefer not to answer",,,,,,,,,,,,,
Medical History,Chronic HIV infection?,nih_hiv,"0,No;1,Yes;97, Other;98, Don’t know;99, Prefer not to answer",Chronic HIV infection?,dht_hiv,"0,No;1,Yes;98, Don’t know;99, Prefer not to answer",,,,,,,,,,,,,
Medical History,Anemia or other blood disorder (do not include leukemia or lymphoma)?,nih_anemia,"0,No;1,Yes;97, Other;98, Don’t know;99, Prefer not to answer",Anemia or other blood disorder (do not include leukemia or lymphoma)?,dht_anemia,"0,No;1,Yes;98, Don’t know;99, Prefer not to answer",,,,,,,,,,,,,
Medical History,History of premature birth (being born before 37 weeks of pregnancy),nih_premature_birth,"0,No|1,Yes, Between 32 - 37 Weeks|2,Yes, Between 28-32 Weeks|3,Yes, Less Than 28 Weeks|4,Yes, But Not Sure How Many Weeks|77,Dont Know",,,,,,,,,,,,,,,,
Medical History,Chronic Heart Disease,nih_chd,"0,No;1,Yes;97, Other;98, Don’t know;99, Prefer not to answer",Chronic Heart Disease,dht_chd,"0,No;1,Yes;98, Don’t know;99, Prefer not to answer",,,,,,,,,,,,,
Medical History,Cystic Fibrosis,nih_cf,"0,No;1,Yes;97, Other;98, Don’t know;99, Prefer not to answer",,,"0,No;1,Yes;98, Don’t know;99, Prefer not to answer",,,,,,,,,,,,,
Medical History,CLD BPD (Chronic Lung Disease Bronchopulmonary Dysplasia),nih_cld_bpd,"0,No;1,Yes;97, Other;98, Don’t know;99, Prefer not to answer",,,"0,No;1,Yes;98, Don’t know;99, Prefer not to answer",,,,,,,,,,,,,
Medical History,"Chronic obstructive pulmonary disease (COPD) including emphysema, chronic bronchitis, obstructive pulmonary disease?",nih_copd_plus,"0,No;1,Yes;97, Other;98, Don’t know;99, Prefer not to answer","Chronic obstructive pulmonary disease (COPD) including emphysema, chronic bronchitis, obstructive pulmonary disease?",dht_copd_opd,"0,No;1,Yes;98, Don’t know;99, Prefer not to answer",,,,,,,,,,,,,
Medical History,Alzheimers,nih_alz,"0,No;1,Yes;97, Other;98, Don’t know;99, Prefer not to answer",Alzheimers,dht_alz,"0,No;1,Yes;98, Don’t know;99, Prefer not to answer",,,,,,,,,,,,,
Medical History,Anxiety,nih_anxiety,"0,No;1,Yes;97, Other;98, Don’t know;99, Prefer not to answer",Anxiety,dht_anxiety,"0,No;1,Yes;98, Don’t know;99, Prefer not to answer",,,,,,,,,,,,,
Medical History,Arrhythmia,nih_arrhythmia,"0,No;1,Yes;97, Other;98, Don’t know;99, Prefer not to answer",Arrhythmia,dht_arrhythmia,"0,No;1,Yes;98, Don’t know;99, Prefer not to answer",,,,,,,,,,,,,
Medical History,Arthritis,nih_arthritis,"0,No;1,Yes;97, Other;98, Don’t know;99, Prefer not to answer",Arthritis,dht_arthritis,"0,No;1,Yes;98, Don’t know;99, Prefer not to answer",,,,,,,,,,,,,
Medical History,Atrial Fibrillation,nih_af,"0,No;1,Yes;97, Other;98, Don’t know;99, Prefer not to answer",Atrial Fibrillation,dht_af,"0,No;1,Yes;98, Don’t know;99, Prefer not to answer",,,,,,,,,,,,,
Medical History,Chronic Pain,nih_chronic_pain,"0,No;1,Yes;97, Other;98, Don’t know;99, Prefer not to answer",Chronic Pain,dht_chronic_pain,"0,No;1,Yes;98, Don’t know;99, Prefer not to answer",,,,,,,,,,,,,
Medical History,Fibromyalgia,nih_fibromyalgia,"0,No;1,Yes;97, Other;98, Don’t know;99, Prefer not to answer",Fibromyalgia,dht_fibromyalgia,"0,No;1,Yes;98, Don’t know;99, Prefer not to answer",,,,,,,,,,,,,
Medical History,Gastroesophageal reflux disease,nih_gerd,"0,No;1,Yes;97, Other;98, Don’t know;99, Prefer not to answer",Gastroesophageal reflux disease,dht_gerd,"0,No;1,Yes;98, Don’t know;99, Prefer not to answer",,,,,,,,,,,,,
Medical History,Gestational Diabetes,nih_gestational_diabetes,"0,No;1,Yes;97, Other;98, Don’t know;99, Prefer not to answer",Gestational Diabetes,dht_gestational_diabetes,"0,No;1,Yes;98, Don’t know;99, Prefer not to answer",,,,,,,,,,,,,
Medical History,High Cholesterol,nih_cholesterol,"0,No;1,Yes;97, Other;98, Don’t know;99, Prefer not to answer",High Cholesterol,dht_cholesterol,"0,No;1,Yes;98, Don’t know;99, Prefer not to answer",,,,,,,,,,,,,
Medical History,Hypo/Hyper Thyroidism,nih_thyroid,"0,No;1,Yes;97, Other;98, Don’t know;99, Prefer not to answer",Hypo/Hyper Thyroidism,dht_thyroid,"0,No;1,Yes;98, Don’t know;99, Prefer not to answer",,,,,,,,,,,,,
Medical History,immunocompromised from solid organ transplant,nih_immuno_compromised_solid_organ,"0,No;1,Yes;97, Other;98, Don’t know;99, Prefer not to answer",immunocompromised from solid organ transplant,dht_immuno_compromised_solid_organ,"0,No;1,Yes;98, Don’t know;99, Prefer not to answer",,,,,,,,,,,,,
Medical History,Inflammatory Bowel Disease,nih_ibd,"0,No;1,Yes;97, Other;98, Don’t know;99, Prefer not to answer",Inflammatory Bowel Disease,dht_ibd,"0,No;1,Yes;98, Don’t know;99, Prefer not to answer",,,,,,,,,,,,,
Medical History,Insomnia,nih_insomnia,"0,No;1,Yes;97, Other;98, Don’t know;99, Prefer not to answer",Insomnia,dht_insomnia,"0,No;1,Yes;98, Don’t know;99, Prefer not to answer",,,,,,,,,,,,,
Medical History,Irritable bowel syndrome,nih_ibs,"0,No;1,Yes;97, Other;98, Don’t know;99, Prefer not to answer",Irritable bowel syndrome,dht_ibs,"0,No;1,Yes;98, Don’t know;99, Prefer not to answer",,,,,,,,,,,,,
Medical History,"Liver disease (cirrhosis, hepB, hepC)",nih_liver_disease,"0,No;1,Yes;97, Other;98, Don’t know;99, Prefer not to answer","Liver disease (cirrhosis, hepB, hepC)",dht_liver_disease,"0,No;1,Yes;98, Don’t know;99, Prefer not to answer",,,,,,,,,,,,,
Medical History,Lupus,nih_lupus,"0,No;1,Yes;97, Other;98, Don’t know;99, Prefer not to answer",Lupus,dht_lupus,"0,No;1,Yes;98, Don’t know;99, Prefer not to answer",,,,,,,,,,,,,
Medical History,Migraines,nih_migraines,"0,No;1,Yes;97, Other;98, Don’t know;99, Prefer not to answer",Migraines,dht_migraines,"0,No;1,Yes;98, Don’t know;99, Prefer not to answer",,,,,,,,,,,,,
Medical History,Multiple Sclerosis,nih_ms,"0,No;1,Yes;97, Other;98, Don’t know;99, Prefer not to answer",Multiple Sclerosis,dht_ms,"0,No;1,Yes;98, Don’t know;99, Prefer not to answer",,,,,,,,,,,,,
Medical History,Neurodegenerative disease,nih_neurodegenerative,"0,No;1,Yes;97, Other;98, Don’t know;99, Prefer not to answer",Neurodegenerative disease,dht_neurodegenerative,"0, No; 1:Yes; 98:Don't know; 99, Prefer not to answer",,,,,,,,,,,,,
Medical History,Neurological Condition,nih_neurological_condition,"0,No;1,Yes;97, Other;98, Don’t know;99, Prefer not to answer",Neurological Condition,dht_neurological_condition,"0,No;1,Yes;98, Don’t know;99, Prefer not to answer",,,,,,,,,,,,,
Medical History,No chronic condition,nih_no_chronic_condition,"0,No;1,Yes;97, Other;98, Don’t know;99, Prefer not to answer",No chronic condition,dht_no_chronic_condition,"0,No;1,Yes;98, Don’t know;99, Prefer not to answer",,,,,,,,,,,,,
Medical History,Obesity (BMI >= 30),nih_obesity,"0,No;1,Yes;97, Other;98, Don’t know;99, Prefer not to answer",Obesity (BMI >= 30),dht_obesity,"0,No;1,Yes;98, Don’t know;99, Prefer not to answer",,,,,,,,,,,,,
Medical History,Osteoporosis,nih_osteoporosis,"0,No;1,Yes;97, Other;98, Don’t know;99, Prefer not to answer",Osteoporosis,dht_osteoporosis,"0,No;1,Yes;98, Don’t know;99, Prefer not to answer",,,,,,,,,,,,,
Medical History,Polycystic ovary syndrome,nih_pcos,"0,No;1,Yes;97, Other;98, Don’t know;99, Prefer not to answer",Polycystic ovary syndrome,dht_pcos,"0,No;1,Yes;98, Don’t know;99, Prefer not to answer",,,,,,,,,,,,,
Medical History,Psoriasis,nih_psoriasis,"0,No;1,Yes;97, Other;98, Don’t know;99, Prefer not to answer",Psoriasis,dht_psoriasis,"0,No;1,Yes;98, Don’t know;99, Prefer not to answer",,,,,,,,,,,,,
Medical History,Renal disease,nih_renal,"0,No;1,Yes;97, Other;98, Don’t know;99, Prefer not to answer",Renal disease,dht_renal,"0,No;1,Yes;98, Don’t know;99, Prefer not to answer",,,,,,,,,,,,,
Medical History,Restless leg,nih_rls,"0,No;1,Yes;97, Other;98, Don’t know;99, Prefer not to answer",Restless leg,dht_rls,"0,No;1,Yes;98, Don’t know;99, Prefer not to answer",,,,,,,,,,,,,
Medical History,Rheumatoid Arthritis,nih_ra,"0,No;1,Yes;97, Other;98, Don’t know;99, Prefer not to answer",Rheumatoid Arthritis,dht_ra,"0,No;1,Yes;98, Don’t know;99, Prefer not to answer",,,,,,,,,,,,,
Medical History,Seasonal Allergies,nih_seasonal_allergies,"0,No;1,Yes;97, Other;98, Don’t know;99, Prefer not to answer",Seasonal Allergies,dht_seasonal_allergies,"0,No;1,Yes;98, Don’t know;99, Prefer not to answer",,,,,,,,,,,,,
Medical History,"Serious heart condition (heart failure, CAD, cardiomyopathies)",nih_heart_condition,"0,No;1,Yes;97, Other;98, Don’t know;99, Prefer not to answer","Serious heart condition (heart failure, CAD, cardiomyopathies)",dht_heart_condition,"0,No;1,Yes;98, Don’t know;99, Prefer not to answer",,,,,,,,,,,,,
Medical History,Sleep Apnea,nih_sleep_apnea,"0,No;1,Yes;97, Other;98, Don’t know;99, Prefer not to answer",Sleep Apnea,dht_sleep_apnea,"0,No;1,Yes;98, Don’t know;99, Prefer not to answer",,,,,,,,,,,,,
Medical History,Substance use,nih_substance_use,"0,No;1,Yes;97, Other;98, Don’t know;99, Prefer not to answer",Substance use,dht_substance_use,"0,No;1,Yes;98, Don’t know;99, Prefer not to answer",,,,,,,,,,,,,
Medical History,Thalassemia,nih_thalassemia,"0,No;1,Yes;97, Other;98, Don’t know;99, Prefer not to answer",Thalassemia,dht_thalassemia,"0,No;1,Yes;98, Don’t know;99, Prefer not to answer",,,,,,,,,,,,,
Medical History,Type 1 Diabetes,nih_t1d,"0,No;1,Yes;97, Other;98, Don’t know;99, Prefer not to answer",Type 1 Diabetes,dht_t1d,"0,No;1,Yes;98, Don’t know;99, Prefer not to answer",,,,,,,,,,,,,
Medical History,Type 2 Diabetes,nih_t2dm,"0,No;1,Yes;97, Other;98, Don’t know;99, Prefer not to answer",Type 2 Diabetes,dht_t2dm,"0,No;1,Yes;98, Don’t know;99, Prefer not to answer",,,,,,,,,,,,,
Symptoms,Cough,nih_cough,"0,No;1,Yes;97, Other;98, Don’t know;99, Prefer not to answer",Cough,dht_cough,"0,No;1,Yes;98, Don’t know;99, Prefer not to answer",,,,,,,,,,,,,
Symptoms,Fever or Chills,nih_fever_chills,"0,No;1,Yes;97, Other;98, Don’t know;99, Prefer not to answer","Fever, feeling hot/feverish, or having chills",dht_fever_chills,"0,No;1,Yes;98, Don’t know;99, Prefer not to answer",Fever,dht_fever,"0,No;1,Yes;98, Don’t know;99, Prefer not to answer",Chills,dht_chills,"0,No;1,Yes;98, Don’t know;99, Prefer not to answer",,,,,,,
Symptoms,Shortness of breath or difficulty breathing,nih_diff_breath,"0,No;1,Yes;97, Other;98, Don’t know;99, Prefer not to answer",Shortness of breath or difficulty breathing,dht_diff_breath,"0,No;1,Yes;98, Don’t know;99, Prefer not to answer",Shortness of breath,dht_shortness_of_breath,"0,No;1,Yes;98, Don’t know;99, Prefer not to answer",,,,,,,,,,
Symptoms,Headache,nih_headache,"0,No;1,Yes;97, Other;98, Don’t know;99, Prefer not to answer",Headache,dht_headache,"0,No;1,Yes;98, Don’t know;99, Prefer not to answer",,,,,,,,,,,,,
Symptoms,Muscle ache,nih_muscle_ache,"0,No;1,Yes;97, Other;98, Don’t know;99, Prefer not to answer","Muscle, body, or joint aches (not due to exercise)",dht_body_pain,"0,No;1,Yes;98, Don’t know;99, Prefer not to answer",Chest pain or pressure or discomfort,dht_chest_pain,"0,No;1,Yes;98, Don’t know;99, Prefer not to answer",Joint aches,dht_joint_pain,"0,No;1,Yes;98, Don’t know;99, Prefer not to answer",,,,,,,
Symptoms,New loss of taste or smell,nih_olfactory,"0,No;1,Yes;97, Other;98, Don’t know;99, Prefer not to answer",New loss of taste or smell,dht_olfactory,"0,No;1,Yes;98, Don’t know;99, Prefer not to answer",Loss of smell,dht_loss_smell,"0,No;1,Yes;98, Don’t know;99, Prefer not to answer",Loss of taste,dht_loss_taste,"0,No;1,Yes;98, Don’t know;99, Prefer not to answer",,,,,,,
Symptoms,Excessive fatigue,nih_fatigue,"0,No;1,Yes;97, Other;98, Don’t know;99, Prefer not to answer",Fatigue (more than normal),dht_fatigue,"0,No;1,Yes;98, Don’t know;99, Prefer not to answer",,,,,,,,,,,,,
Symptoms,"Nausea, vomiting, or diarrhea",nih_nausea_vomiting_diarrhea,"0,No;1,Yes;97, Other;98, Don’t know;99, Prefer not to answer","Nausea, vomiting, or diarrhea",dht_nausea_vomiting_diarrhea,"0,No;1,Yes;98, Don’t know;99, Prefer not to answer",diarrhea,dht_diarrhea,"0,No;1,Yes;98, Don’t know;99, Prefer not to answer",Nausea or vomiting,dht_nausea_vomiting,"0,No;1,Yes;98, Don’t know;99, Prefer not to answer",,,,,,,
Symptoms,Abdominal pain,nih_abdom_pain,"0,No;1,Yes;97, Other;98, Don’t know;99, Prefer not to answer",Stomach or abdominal pain,dht_abdom_pain,"0,No;1,Yes;98, Don’t know;99, Prefer not to answer",,,,,,,,,,,,,
Symptoms,Skin rash,nih_skin_rash,"0,No;1,Yes;97, Other;98, Don’t know;99, Prefer not to answer",Skin rash,dht_skin_rash,"0,No;1,Yes;98, Don’t know;99, Prefer not to answer",,,,,,,,,,,,,
Symptoms,Conjunctivitis,nih_conjunctivitis,"0,No;1,Yes;97, Other;98, Don’t know;99, Prefer not to answer",Pink eye or conjunctivitis,dht_conjunctivitis,"0,No;1,Yes;98, Don’t know;99, Prefer not to answer",,,,,,,,,,,,,
Symptoms,"Sore throat, congestion or runny nose ",nih_throat_congestion_nose,"0,No;1,Yes;97, Other;98, Don’t know;99, Prefer not to answer","Congestion, runny nose, sore throat",dht_congestion_sorethroat_runnynose,"0,No;1,Yes;98, Don’t know;99, Prefer not to answer",Runny nose,dht_runny_nose,"0,No;1,Yes;98, Don’t know;99, Prefer not to answer",Nasal congestion,dht_nasal_congestion,"0,No;1,Yes;98, Don’t know;99, Prefer not to answer",Sneezing,dht_sneezing,"0,No;1,Yes;98, Don’t know;99, Prefer not to answer",Scratchy throat,dht_scratchy_throat,"0,No;1,Yes;98, Don’t know;99, Prefer not to answer",
Symptoms,Red or painful eyes,nih_red_eyes,"0,No;1,Yes;97, Other;98, Don’t know;99, Prefer not to answer",Red or painful eyes,dht_red_eyes,"0,No;1,Yes;98, Don’t know;99, Prefer not to answer",,,,,,,,,,,,,
Symptoms,A temperature greater than 100.4 °F,nih_high_temp,"0,No;1,Yes;97, Other;98, Don’t know;99, Prefer not to answer",A temperature greater than 100.4°F,dht_high_temp,"0,No;1,Yes;98, Don’t know;99, Prefer not to answer",,,,,,,,,,,,,
Symptoms,Other,nih_other_symp,"0,No;1,Yes;97, Other;98, Don’t know;99, Prefer not to answer",Other ,dht_other_symp,"0,No;1,Yes;98, Don’t know;99, Prefer not to answer",,,,,,,,,,,,,
Symptoms,None of the above,nih_no_sympt,"0,No;1,Yes;97, Other;98, Don’t know;99, Prefer not to answer",None of the above,dht_no_symp,"0,No;1,Yes;98, Don’t know;99, Prefer not to answer",,,,,,,,,,,,,
Symptoms,Wheezing,nih_wheezing,"0,No;1,Yes;97, Other;98, Don’t know;99, Prefer not to answer",Wheezing,dht_wheezing,"0,No;1,Yes;98, Don’t know;99, Prefer not to answer",,,,,,,,,,,,,
Symptoms,Bluish lips or face,nih_blue_lips,"0,No;1,Yes;97, Other;98, Don’t know;99, Prefer not to answer",Bluish lips or face,dht_blue_lips,"0,No;1,Yes;98, Don’t know;99, Prefer not to answer",,,,,,,,,,,,,
Symptoms,Loss of balance,nih_balance,"0,No;1,Yes;97, Other;98, Don’t know;99, Prefer not to answer",Loss of balance,dht_balance,"0,No;1,Yes;98, Don’t know;99, Prefer not to answer",,,,,,,,,,,,,
Symptoms,Slurred speech,nih_slurred_peech,"0,No;1,Yes;97, Other;98, Don’t know;99, Prefer not to answer",Slurred speech,dht_slurred_peech,"0,No;1,Yes;98, Don’t know;99, Prefer not to answer",,,,,,,,,,,,,
Symptoms,New confusion,nih_confusion,"0,No;1,Yes;97, Other;98, Don’t know;99, Prefer not to answer",New confusion,dht_confusion,"0,No;1,Yes;98, Don’t know;99, Prefer not to answer",,,,,,,,,,,,,
Symptoms,Unusual shivering or shaking ,nih_neuro_shakes,"0,No;1,Yes;97, Other;98, Don’t know;99, Prefer not to answer",Unusual shivering or shaking ,dht_neuro_shakes,"0,No;1,Yes;98, Don’t know;99, Prefer not to answer",,,,,,,,,,,,,
Symptoms,Tingling or numbness or swelling of hands and feet,nih_numb_extremities,"0,No;1,Yes;97, Other;98, Don’t know;99, Prefer not to answer",Tingling or numbness or swelling of hands and feet,dht_numb_extremities,"0,No;1,Yes;98, Don’t know;99, Prefer not to answer",,,,,,,,,,,,,
Symptoms,Excessive sweating,nih_sweating,"0,No;1,Yes;97, Other;98, Don’t know;99, Prefer not to answer",Excessive sweating,dht_sweating,"0,No;1,Yes;98, Don’t know;99, Prefer not to answer",,,,,,,,,,,,,
Symptoms,Seizures,nih_seizures,"0,No;1,Yes;97, Other;98, Don’t know;99, Prefer not to answer",Seizures,dht_seizures,"0,No;1,Yes;98, Don’t know;99, Prefer not to answer",,,,,,,,,,,,,
Symptoms,Red or purple rash or lesions on toes,nih_rash_toes,"0,No;1,Yes;97, Other;98, Don’t know;99, Prefer not to answer",Red or purple rash or lesions on toes,dht_rash_toes,"0,No;1,Yes;98, Don’t know;99, Prefer not to answer",,,,,,,,,,,,,
Symptoms,Change in or loss of appetite,nih_appetite,"0,No;1,Yes;97, Other;98, Don’t know;99, Prefer not to answer",Change in or loss of appetite,dht_appetite,"0,No;1,Yes;98, Don’t know;99, Prefer not to answer",,,,,,,,,,,,,
Health Status,"Would you say that (your) health in general is excellent, very good, good, fair, or poor?",nih_health_status,"0, Excellent;1,Very Good;2,Good;3,Fair;4,Poor;98,Don't know;99,Prefer not to state",Self-report health status,dht_health_status,"1,Excellent;2,Very Good;3,Good;4,Fair;5,Poor;98,Don't know;99,Prefer not to state",,,,,,,,,,,,,
Health Status,What is your height in inches?,nih_height,integer,What is your height in inches?,dht_height,integer,,,,,,,,,,,,,
Health Status,What is your weight in pounds?,nih_weight,integer,What is your weight in pounds?,dht_weight,integer,,,,,,,,,,,,,
Health Status Categorical,Approximately what is your height?,nih_height_category,"1, 5'1"" - 5'6"";
2, 5'7""-5'11"";
3, 6' and over",Approximately what is your height?,dht_height_category,"1, 5'1"" - 5'6"";
2, 5'7""-5'11"";
3, 6' and over",,,,,,,,,,,,,
Health Status Categorical,Approximately what is your weight?,nih_weight_category,"1, 100-150;
2, 151-200;
3, over 200
",Approximately what is your weight?,dht_weight_category,"1, 100-150;
2, 151-200;
3, over 200
",,,,,,,,,,,,,